{
    "SEQ_LEN": 96,
    "HORIZON": 4,
    "FEATURES": [
        "depth_actual",
        "rainfall",
        "rain_cum_1h",
        "rain_cum_3h",
        "hour",
        "voltage"
    ],
    "SCALER_MIN": [
        -0.00791251918785903,
        0.0,
        0.0,
        0.0,
        0.0,
        -4.749989719126535
    ],
    "SCALER_SCALE": [
        0.00791251918785903,
        0.09633911368015413,
        0.051867219917012444,
        0.02055498458376156,
        0.043478260869565216,
        0.4112349385203765
    ],
    "CALIBRATION": 130.0
}